Brand,Model,Year,Created On,Modified On
Peugeot,505 Sedan,1988,2013-01-01,2013-01-01
Peugeot,505 Sedan,1987,2013-01-01,2013-01-01
Peugeot,505 Sedan,1986,2013-01-01,2013-01-01
Peugeot,505,1985,2013-01-01,2013-01-01
Peugeot,505 Station Wagon,1986,2013-01-01,2013-01-01
Peugeot,505 Station Wagon,1984,2013-01-01,2013-01-01
Peugeot,505 Sedan,1984,2013-01-01,2013-01-01
Peugeot,505 Sedan,1988,2013-01-01,2013-01-01
Peugeot,505 Sedan,1984,2013-01-01,2013-01-01
Peugeot,505 Station Wagon,1984,2013-01-01,2013-01-01
Peugeot,505 Sedan,1986,2013-01-01,2013-01-01
Peugeot,505 Sedan,1984,2013-01-01,2013-01-01
Peugeot,505 Station Wagon,1991,2013-01-01,2013-01-01
Peugeot,505 Sedan,1988,2013-01-01,2013-01-01
Peugeot,505 Station Wagon,1988,2013-01-01,2013-01-01
Peugeot,505 Station Wagon,1984,2013-01-01,2013-01-01
Peugeot,505,1985,2013-01-01,2013-01-01
Peugeot,505 Sedan,1984,2013-01-01,2013-01-01
Peugeot,505 Sedan,1987,2013-01-01,2013-01-01
Peugeot,405 Station Wagon,1990,2013-01-01,2013-01-01
Peugeot,505 Sedan,1989,2013-01-01,2013-01-01
Peugeot,405 Sedan,1989,2013-01-01,2013-01-01
Peugeot,505 Sedan,1987,2013-01-01,2013-01-01
Peugeot,505 Sedan,1987,2013-01-01,2013-01-01
Peugeot,505 Station Wagon,1986,2013-01-01,2013-01-01
Peugeot,405 Sports Wagon,1991,2013-01-01,2013-01-01
Peugeot,505 Sedan,1989,2013-01-01,2013-01-01
Peugeot,505 Sedan,1987,2013-01-01,2013-01-01
Peugeot,405 Station Wagon,1990,2013-01-01,2013-01-01
Peugeot,405 Sedan,1990,2013-01-01,2013-01-01
Peugeot,505 Station Wagon,1984,2013-01-01,2013-01-01
Peugeot,505 Sedan,1987,2013-01-01,2013-01-01
Peugeot,405 Sedan,1991,2013-01-01,2013-01-01
Peugeot,505 Sedan,1989,2013-01-01,2013-01-01
Peugeot,505 Station Wagon,1992,2013-01-01,2016-04-04
Peugeot,505,1985,2013-01-01,2013-01-01
Peugeot,505 Station Wagon,1989,2013-01-01,2013-01-01
Peugeot,505 Sedan,1988,2013-01-01,2013-01-01
Peugeot,505 Wagon,1985,2013-01-01,2013-01-01
Peugeot,405 Sports Wagon,1992,2013-01-01,2013-01-01
Peugeot,505 Station Wagon,1984,2013-01-01,2013-01-01
Peugeot,505 Sedan,1984,2013-01-01,2013-01-01
Peugeot,505 Station Wagon,1987,2013-01-01,2013-01-01
Peugeot,505 Sedan,1986,2013-01-01,2013-01-01
Peugeot,505 Wagon,1985,2013-01-01,2013-01-01
Peugeot,604 Sedan,1984,2013-01-01,2013-01-01
Peugeot,405 Sedan,1989,2013-01-01,2013-01-01
Peugeot,405 Sports Wagon,1992,2013-01-01,2013-01-01
Peugeot,505 Station Wagon,1989,2013-01-01,2013-01-01
Peugeot,505 Station Wagon,1987,2013-01-01,2013-01-01
Peugeot,505,1985,2013-01-01,2013-01-01
Peugeot,505 Station Wagon,1984,2013-01-01,2013-01-01
Peugeot,505 Sedan,1984,2013-01-01,2013-01-01
Peugeot,505 Sedan,1986,2013-01-01,2013-01-01
Peugeot,505 Sedan,1984,2013-01-01,2013-01-01
Peugeot,505 Station Wagon,1988,2013-01-01,2013-01-01
Peugeot,505 Sedan,1984,2013-01-01,2013-01-01
Peugeot,505 Sedan,1988,2013-01-01,2013-01-01
Peugeot,405 Sedan,1989,2013-01-01,2013-01-01
Peugeot,505 Sedan,1989,2013-01-01,2013-01-01
Peugeot,505 Sedan,1986,2013-01-01,2013-01-01
Peugeot,505 Station Wagon,1984,2013-01-01,2013-01-01
Peugeot,505 Station Wagon,1990,2013-01-01,2013-01-01
Peugeot,505 Wagon,1985,2013-01-01,2013-01-01
Peugeot,505 Sedan,1984,2013-01-01,2013-01-01
Peugeot,405 Sedan,1991,2013-01-01,2013-01-01
Peugeot,505 Station Wagon,1991,2013-01-01,2013-01-01
Peugeot,505 Station Wagon,1986,2013-01-01,2013-01-01
Peugeot,505 Station Wagon,1991,2013-01-01,2013-01-01
Peugeot,505 Sedan,1984,2013-01-01,2013-01-01
Peugeot,405 Sedan,1992,2013-01-01,2013-01-01
Peugeot,405 Sedan,1989,2013-01-01,2013-01-01
Peugeot,405 Sedan,1992,2013-01-01,2013-01-01
Peugeot,505 Station Wagon,1987,2013-01-01,2013-01-01
Peugeot,405 Sedan,1990,2013-01-01,2013-01-01
Peugeot,505 Station Wagon,1992,2013-01-01,2016-04-04
Peugeot,405 Sports Wagon,1991,2013-01-01,2013-01-01
Peugeot,505 Station Wagon,1990,2013-01-01,2013-01-01
Peugeot,604 Sedan,1984,2013-01-01,2013-01-01
Peugeot,505 Sedan,1986,2013-01-01,2013-01-01
Peugeot,505 Station Wagon,1989,2013-01-01,2013-01-01
Peugeot,405 Sedan,1989,2013-01-01,2013-01-01
Peugeot,505 Sedan,1984,2013-01-01,2013-01-01
Peugeot,505 Sedan,1988,2013-01-01,2013-01-01
Peugeot,505 Sedan,1984,2013-01-01,2013-01-01
Peugeot,505,1985,2013-01-01,2013-01-01
Peugeot,405 Sedan,1989,2013-01-01,2013-01-01
Peugeot,505 Sedan,1989,2013-01-01,2013-01-01
Peugeot,505 Station Wagon,1986,2013-01-01,2013-01-01
Peugeot,505 Sedan,1987,2013-01-01,2013-01-01
Peugeot,505 Station Wagon,1990,2013-01-01,2013-01-01
Peugeot,505 Station Wagon,1984,2013-01-01,2013-01-01
Peugeot,405 Sedan,1991,2013-01-01,2013-01-01
Peugeot,505 Sedan,1989,2013-01-01,2013-01-01
Peugeot,505 Station Wagon,1988,2013-01-01,2013-01-01
Peugeot,405 Sedan,1990,2013-01-01,2013-01-01
Peugeot,405 Sedan,1992,2013-01-01,2013-01-01
Peugeot,505 Sedan,1987,2013-01-01,2013-01-01
